column,representative_at_r>=0.98,abs_corr,mask_hash,null_pct
V1,V1,1.0,0ed67c9798,47.29349409015477
V2,V2,1.0,0ed67c9798,47.29349409015477
V3,V3,1.0,0ed67c9798,47.29349409015477
V4,V4,1.0,0ed67c9798,47.29349409015477
V5,V5,1.0,0ed67c9798,47.29349409015477
V6,V6,1.0,0ed67c9798,47.29349409015477
V7,V7,1.0,0ed67c9798,47.29349409015477
V8,V8,1.0,0ed67c9798,47.29349409015477
V9,V9,1.0,0ed67c9798,47.29349409015477
V10,V10,1.0,0ed67c9798,47.29349409015477
V11,V11,1.0,0ed67c9798,47.29349409015477
V12,V12,1.0,72c451df7f,12.881938564703493
V13,V13,1.0,72c451df7f,12.881938564703493
V14,V14,1.0,72c451df7f,12.881938564703493
V15,V15,1.0,72c451df7f,12.881938564703493
V16,V15,0.9929547646090998,72c451df7f,12.881938564703493
V17,V17,1.0,72c451df7f,12.881938564703493
V18,V17,0.9931936139530739,72c451df7f,12.881938564703493
V19,V19,1.0,72c451df7f,12.881938564703493
V20,V20,1.0,72c451df7f,12.881938564703493
V21,V21,1.0,72c451df7f,12.881938564703493
V22,V22,1.0,72c451df7f,12.881938564703493
V23,V23,1.0,72c451df7f,12.881938564703493
V24,V24,1.0,72c451df7f,12.881938564703493
V25,V25,1.0,72c451df7f,12.881938564703493
V26,V26,1.0,72c451df7f,12.881938564703493
V27,V27,1.0,72c451df7f,12.881938564703493
V28,V28,1.0,72c451df7f,12.881938564703493
V29,V29,1.0,72c451df7f,12.881938564703493
V30,V30,1.0,72c451df7f,12.881938564703493
V31,V31,1.0,72c451df7f,12.881938564703493
V32,V31,0.9910344234449713,72c451df7f,12.881938564703493
V33,V33,1.0,72c451df7f,12.881938564703493
V34,V34,1.0,72c451df7f,12.881938564703493
V35,V35,1.0,16aced571a,28.612625732380533
V36,V36,1.0,16aced571a,28.612625732380533
V37,V37,1.0,16aced571a,28.612625732380533
V38,V38,1.0,16aced571a,28.612625732380533
V39,V39,1.0,16aced571a,28.612625732380533
V40,V40,1.0,16aced571a,28.612625732380533
V41,V41,1.0,16aced571a,28.612625732380533
V42,V42,1.0,16aced571a,28.612625732380533
V43,V43,1.0,16aced571a,28.612625732380533
V44,V44,1.0,16aced571a,28.612625732380533
V45,V45,1.0,16aced571a,28.612625732380533
V46,V46,1.0,16aced571a,28.612625732380533
V47,V47,1.0,16aced571a,28.612625732380533
V48,V48,1.0,16aced571a,28.612625732380533
V49,V49,1.0,16aced571a,28.612625732380533
V50,V50,1.0,16aced571a,28.612625732380533
V51,V51,1.0,16aced571a,28.612625732380533
V52,V52,1.0,16aced571a,28.612625732380533
V53,V53,1.0,258191dceb,13.055169844549058
V54,V54,1.0,258191dceb,13.055169844549058
V55,V55,1.0,258191dceb,13.055169844549058
V56,V56,1.0,258191dceb,13.055169844549058
V57,V57,1.0,258191dceb,13.055169844549058
V58,V58,1.0,258191dceb,13.055169844549058
V59,V59,1.0,258191dceb,13.055169844549058
V60,V60,1.0,258191dceb,13.055169844549058
V61,V61,1.0,258191dceb,13.055169844549058
V62,V62,1.0,258191dceb,13.055169844549058
V63,V63,1.0,258191dceb,13.055169844549058
V64,V64,1.0,258191dceb,13.055169844549058
V65,V65,1.0,258191dceb,13.055169844549058
V66,V66,1.0,258191dceb,13.055169844549058
V67,V67,1.0,258191dceb,13.055169844549058
V68,V68,1.0,258191dceb,13.055169844549058
V69,V69,1.0,258191dceb,13.055169844549058
V70,V70,1.0,258191dceb,13.055169844549058
V71,V71,1.0,258191dceb,13.055169844549058
V72,V72,1.0,258191dceb,13.055169844549058
V73,V73,1.0,258191dceb,13.055169844549058
V74,V74,1.0,258191dceb,13.055169844549058
V75,V75,1.0,b337bed505,15.098723202492634
V76,V76,1.0,b337bed505,15.098723202492634
V77,V77,1.0,b337bed505,15.098723202492634
V78,V78,1.0,b337bed505,15.098723202492634
V79,V79,1.0,b337bed505,15.098723202492634
V80,V80,1.0,b337bed505,15.098723202492634
V81,V81,1.0,b337bed505,15.098723202492634
V82,V82,1.0,b337bed505,15.098723202492634
V83,V83,1.0,b337bed505,15.098723202492634
V84,V84,1.0,b337bed505,15.098723202492634
V85,V85,1.0,b337bed505,15.098723202492634
V86,V86,1.0,b337bed505,15.098723202492634
V87,V87,1.0,b337bed505,15.098723202492634
V88,V88,1.0,b337bed505,15.098723202492634
V89,V89,1.0,b337bed505,15.098723202492634
V90,V90,1.0,b337bed505,15.098723202492634
V91,V91,1.0,b337bed505,15.098723202492634
V92,V92,1.0,b337bed505,15.098723202492634
V93,V93,1.0,b337bed505,15.098723202492634
V94,V94,1.0,b337bed505,15.098723202492634
V95,V95,1.0,49cefbd7b3,0.0531716733836827
V96,V96,1.0,49cefbd7b3,0.0531716733836827
V97,V96,0.9835910711049747,49cefbd7b3,0.0531716733836827
V98,V98,1.0,49cefbd7b3,0.0531716733836827
V99,V99,1.0,49cefbd7b3,0.0531716733836827
V100,V100,1.0,49cefbd7b3,0.0531716733836827
V101,V95,0.9995540728007984,49cefbd7b3,0.0531716733836827
V102,V96,0.9967765421804472,49cefbd7b3,0.0531716733836827
V103,V96,0.983170058007879,49cefbd7b3,0.0531716733836827
V104,V104,1.0,49cefbd7b3,0.0531716733836827
V105,V105,1.0,49cefbd7b3,0.0531716733836827
V106,V106,1.0,49cefbd7b3,0.0531716733836827
V107,V107,1.0,49cefbd7b3,0.0531716733836827
V108,V108,1.0,49cefbd7b3,0.0531716733836827
V109,V109,1.0,49cefbd7b3,0.0531716733836827
V110,V110,1.0,49cefbd7b3,0.0531716733836827
V111,V111,1.0,49cefbd7b3,0.0531716733836827
V112,V112,1.0,49cefbd7b3,0.0531716733836827
V113,V113,1.0,49cefbd7b3,0.0531716733836827
V114,V114,1.0,49cefbd7b3,0.0531716733836827
V115,V115,1.0,49cefbd7b3,0.0531716733836827
V116,V116,1.0,49cefbd7b3,0.0531716733836827
V117,V117,1.0,49cefbd7b3,0.0531716733836827
V118,V118,1.0,49cefbd7b3,0.0531716733836827
V119,V119,1.0,49cefbd7b3,0.0531716733836827
V120,V120,1.0,49cefbd7b3,0.0531716733836827
V121,V121,1.0,49cefbd7b3,0.0531716733836827
V122,V122,1.0,49cefbd7b3,0.0531716733836827
V123,V123,1.0,49cefbd7b3,0.0531716733836827
V124,V124,1.0,49cefbd7b3,0.0531716733836827
V125,V125,1.0,49cefbd7b3,0.0531716733836827
V126,V95,0.9811267703862232,49cefbd7b3,0.0531716733836827
V127,V96,0.9869937173432678,49cefbd7b3,0.0531716733836827
V128,V128,1.0,49cefbd7b3,0.0531716733836827
V129,V129,1.0,49cefbd7b3,0.0531716733836827
V130,V130,1.0,49cefbd7b3,0.0531716733836827
V131,V131,1.0,49cefbd7b3,0.0531716733836827
V132,V95,0.9940286867516527,49cefbd7b3,0.0531716733836827
V133,V96,0.991525657977301,49cefbd7b3,0.0531716733836827
V134,V96,0.9800330382505092,49cefbd7b3,0.0531716733836827
V135,V135,1.0,49cefbd7b3,0.0531716733836827
V136,V136,1.0,49cefbd7b3,0.0531716733836827
V137,V137,1.0,49cefbd7b3,0.0531716733836827
V138,V138,1.0,039650ddac,86.12371727571376
V139,V139,1.0,039650ddac,86.12371727571376
V140,V140,1.0,039650ddac,86.12371727571376
V141,V141,1.0,039650ddac,86.12371727571376
V142,V142,1.0,039650ddac,86.12371727571376
V146,V146,1.0,039650ddac,86.12371727571376
V147,V147,1.0,039650ddac,86.12371727571376
V148,V148,1.0,039650ddac,86.12371727571376
V149,V149,1.0,039650ddac,86.12371727571376
V153,V153,1.0,039650ddac,86.12371727571376
V154,V153,0.990653683655946,039650ddac,86.12371727571376
V155,V155,1.0,039650ddac,86.12371727571376
V156,V156,1.0,039650ddac,86.12371727571376
V157,V157,1.0,039650ddac,86.12371727571376
V158,V158,1.0,039650ddac,86.12371727571376
V161,V161,1.0,039650ddac,86.12371727571376
V162,V162,1.0,039650ddac,86.12371727571376
V163,V161,0.9863796223966425,039650ddac,86.12371727571376
V143,V143,1.0,f42dc42ba5,86.12270125647713
V144,V144,1.0,f42dc42ba5,86.12270125647713
V145,V145,1.0,f42dc42ba5,86.12270125647713
V150,V145,0.982546749110774,f42dc42ba5,86.12270125647713
V151,V151,1.0,f42dc42ba5,86.12270125647713
V152,V152,1.0,f42dc42ba5,86.12270125647713
V159,V159,1.0,f42dc42ba5,86.12270125647713
V160,V160,1.0,f42dc42ba5,86.12270125647713
V164,V143,0.9963188513506154,f42dc42ba5,86.12270125647713
V165,V165,1.0,f42dc42ba5,86.12270125647713
V166,V166,1.0,f42dc42ba5,86.12270125647713
V167,V167,1.0,1389d70c8e,76.35536966166559
V168,V168,1.0,1389d70c8e,76.35536966166559
V172,V172,1.0,1389d70c8e,76.35536966166559
V173,V173,1.0,1389d70c8e,76.35536966166559
V176,V176,1.0,1389d70c8e,76.35536966166559
V177,V167,0.9993659872991097,1389d70c8e,76.35536966166559
V178,V168,0.9817441991751525,1389d70c8e,76.35536966166559
V179,V168,0.9953682479479271,1389d70c8e,76.35536966166559
V181,V181,1.0,1389d70c8e,76.35536966166559
V182,V182,1.0,1389d70c8e,76.35536966166559
V183,V183,1.0,1389d70c8e,76.35536966166559
V186,V186,1.0,1389d70c8e,76.35536966166559
V187,V187,1.0,1389d70c8e,76.35536966166559
V190,V190,1.0,1389d70c8e,76.35536966166559
V191,V191,1.0,1389d70c8e,76.35536966166559
V192,V192,1.0,1389d70c8e,76.35536966166559
V193,V193,1.0,1389d70c8e,76.35536966166559
V196,V196,1.0,1389d70c8e,76.35536966166559
V199,V199,1.0,1389d70c8e,76.35536966166559
V202,V167,0.9933600492806565,1389d70c8e,76.35536966166559
V203,V203,1.0,1389d70c8e,76.35536966166559
V204,V168,0.9837104481150446,1389d70c8e,76.35536966166559
V205,V205,1.0,1389d70c8e,76.35536966166559
V206,V206,1.0,1389d70c8e,76.35536966166559
V207,V207,1.0,1389d70c8e,76.35536966166559
V211,V167,0.9979511139713629,1389d70c8e,76.35536966166559
V212,V212,1.0,1389d70c8e,76.35536966166559
V213,V168,0.9957028283691388,1389d70c8e,76.35536966166559
V214,V214,1.0,1389d70c8e,76.35536966166559
V215,V215,1.0,1389d70c8e,76.35536966166559
V216,V216,1.0,1389d70c8e,76.35536966166559
V169,V169,1.0,a19e140569,76.32353439225116
V170,V170,1.0,a19e140569,76.32353439225116
V171,V171,1.0,a19e140569,76.32353439225116
V174,V174,1.0,a19e140569,76.32353439225116
V175,V175,1.0,a19e140569,76.32353439225116
V180,V180,1.0,a19e140569,76.32353439225116
V184,V184,1.0,a19e140569,76.32353439225116
V185,V185,1.0,a19e140569,76.32353439225116
V188,V188,1.0,a19e140569,76.32353439225116
V189,V189,1.0,a19e140569,76.32353439225116
V194,V194,1.0,a19e140569,76.32353439225116
V195,V195,1.0,a19e140569,76.32353439225116
V197,V197,1.0,a19e140569,76.32353439225116
V198,V198,1.0,a19e140569,76.32353439225116
V200,V200,1.0,a19e140569,76.32353439225116
V201,V201,1.0,a19e140569,76.32353439225116
V208,V208,1.0,a19e140569,76.32353439225116
V209,V209,1.0,a19e140569,76.32353439225116
V210,V210,1.0,a19e140569,76.32353439225116
V217,V217,1.0,24ae3c7064,77.91343516103905
V218,V218,1.0,24ae3c7064,77.91343516103905
V219,V217,0.9829716374955632,24ae3c7064,77.91343516103905
V223,V223,1.0,24ae3c7064,77.91343516103905
V224,V224,1.0,24ae3c7064,77.91343516103905
V225,V225,1.0,24ae3c7064,77.91343516103905
V226,V226,1.0,24ae3c7064,77.91343516103905
V228,V228,1.0,24ae3c7064,77.91343516103905
V229,V229,1.0,24ae3c7064,77.91343516103905
V230,V230,1.0,24ae3c7064,77.91343516103905
V231,V217,0.9960324437227247,24ae3c7064,77.91343516103905
V232,V217,0.9861101359049409,24ae3c7064,77.91343516103905
V233,V217,0.9917915288468514,24ae3c7064,77.91343516103905
V235,V235,1.0,24ae3c7064,77.91343516103905
V236,V236,1.0,24ae3c7064,77.91343516103905
V237,V237,1.0,24ae3c7064,77.91343516103905
V240,V240,1.0,24ae3c7064,77.91343516103905
V241,V241,1.0,24ae3c7064,77.91343516103905
V242,V242,1.0,24ae3c7064,77.91343516103905
V243,V243,1.0,24ae3c7064,77.91343516103905
V244,V244,1.0,24ae3c7064,77.91343516103905
V246,V246,1.0,24ae3c7064,77.91343516103905
V247,V247,1.0,24ae3c7064,77.91343516103905
V248,V248,1.0,24ae3c7064,77.91343516103905
V249,V249,1.0,24ae3c7064,77.91343516103905
V252,V252,1.0,24ae3c7064,77.91343516103905
V253,V253,1.0,24ae3c7064,77.91343516103905
V254,V253,0.9815564758375634,24ae3c7064,77.91343516103905
V257,V257,1.0,24ae3c7064,77.91343516103905
V258,V258,1.0,24ae3c7064,77.91343516103905
V260,V260,1.0,24ae3c7064,77.91343516103905
V261,V261,1.0,24ae3c7064,77.91343516103905
V262,V262,1.0,24ae3c7064,77.91343516103905
V263,V263,1.0,24ae3c7064,77.91343516103905
V264,V264,1.0,24ae3c7064,77.91343516103905
V265,V265,1.0,24ae3c7064,77.91343516103905
V266,V266,1.0,24ae3c7064,77.91343516103905
V267,V267,1.0,24ae3c7064,77.91343516103905
V268,V268,1.0,24ae3c7064,77.91343516103905
V269,V266,0.9854949189705778,24ae3c7064,77.91343516103905
V273,V273,1.0,24ae3c7064,77.91343516103905
V274,V274,1.0,24ae3c7064,77.91343516103905
V275,V275,1.0,24ae3c7064,77.91343516103905
V276,V276,1.0,24ae3c7064,77.91343516103905
V277,V277,1.0,24ae3c7064,77.91343516103905
V278,V278,1.0,24ae3c7064,77.91343516103905
V220,V220,1.0,e030125a3f,76.0531039387679
V221,V221,1.0,e030125a3f,76.0531039387679
V222,V222,1.0,e030125a3f,76.0531039387679
V227,V227,1.0,e030125a3f,76.0531039387679
V234,V234,1.0,e030125a3f,76.0531039387679
V238,V238,1.0,e030125a3f,76.0531039387679
V239,V239,1.0,e030125a3f,76.0531039387679
V245,V245,1.0,e030125a3f,76.0531039387679
V250,V250,1.0,e030125a3f,76.0531039387679
V251,V250,0.9853791599488858,e030125a3f,76.0531039387679
V255,V255,1.0,e030125a3f,76.0531039387679
V256,V256,1.0,e030125a3f,76.0531039387679
V259,V259,1.0,e030125a3f,76.0531039387679
V270,V270,1.0,e030125a3f,76.0531039387679
V271,V271,1.0,e030125a3f,76.0531039387679
V272,V272,1.0,e030125a3f,76.0531039387679
V279,V279,1.0,a8d2b31fa8,0.0020320384732617
V280,V280,1.0,a8d2b31fa8,0.0020320384732617
V284,V284,1.0,a8d2b31fa8,0.0020320384732617
V285,V285,1.0,a8d2b31fa8,0.0020320384732617
V286,V286,1.0,a8d2b31fa8,0.0020320384732617
V287,V287,1.0,a8d2b31fa8,0.0020320384732617
V290,V290,1.0,a8d2b31fa8,0.0020320384732617
V291,V291,1.0,a8d2b31fa8,0.0020320384732617
V292,V292,1.0,a8d2b31fa8,0.0020320384732617
V293,V279,0.9995331974755404,a8d2b31fa8,0.0020320384732617
V294,V294,1.0,a8d2b31fa8,0.0020320384732617
V295,V280,0.9985244042158827,a8d2b31fa8,0.0020320384732617
V297,V297,1.0,a8d2b31fa8,0.0020320384732617
V298,V298,1.0,a8d2b31fa8,0.0020320384732617
V299,V299,1.0,a8d2b31fa8,0.0020320384732617
V302,V302,1.0,a8d2b31fa8,0.0020320384732617
V303,V303,1.0,a8d2b31fa8,0.0020320384732617
V304,V304,1.0,a8d2b31fa8,0.0020320384732617
V305,V305,1.0,a8d2b31fa8,0.0020320384732617
V306,V279,0.9837990277671754,a8d2b31fa8,0.0020320384732617
V307,V307,1.0,a8d2b31fa8,0.0020320384732617
V308,V280,0.9833793889537706,a8d2b31fa8,0.0020320384732617
V309,V309,1.0,a8d2b31fa8,0.0020320384732617
V310,V310,1.0,a8d2b31fa8,0.0020320384732617
V311,V311,1.0,a8d2b31fa8,0.0020320384732617
V312,V312,1.0,a8d2b31fa8,0.0020320384732617
V316,V279,0.9929576390470822,a8d2b31fa8,0.0020320384732617
V317,V294,0.9821888265557518,a8d2b31fa8,0.0020320384732617
V318,V280,0.9898014472997824,a8d2b31fa8,0.0020320384732617
V319,V319,1.0,a8d2b31fa8,0.0020320384732617
V320,V320,1.0,a8d2b31fa8,0.0020320384732617
V321,V321,1.0,a8d2b31fa8,0.0020320384732617
V281,V281,1.0,a728dbc72b,0.2148880685474311
V282,V282,1.0,a728dbc72b,0.2148880685474311
V283,V283,1.0,a728dbc72b,0.2148880685474311
V288,V288,1.0,a728dbc72b,0.2148880685474311
V289,V289,1.0,a728dbc72b,0.2148880685474311
V296,V296,1.0,a728dbc72b,0.2148880685474311
V300,V300,1.0,a728dbc72b,0.2148880685474311
V301,V301,1.0,a728dbc72b,0.2148880685474311
V313,V313,1.0,a728dbc72b,0.2148880685474311
V314,V314,1.0,a728dbc72b,0.2148880685474311
V315,V315,1.0,a728dbc72b,0.2148880685474311
V322,V322,1.0,1ecbcea23c,86.05496664070174
V323,V323,1.0,1ecbcea23c,86.05496664070174
V324,V323,0.9856687189074066,1ecbcea23c,86.05496664070174
V325,V325,1.0,1ecbcea23c,86.05496664070174
V326,V326,1.0,1ecbcea23c,86.05496664070174
V327,V327,1.0,1ecbcea23c,86.05496664070174
V328,V328,1.0,1ecbcea23c,86.05496664070174
V329,V329,1.0,1ecbcea23c,86.05496664070174
V330,V330,1.0,1ecbcea23c,86.05496664070174
V331,V322,0.9876576694705029,1ecbcea23c,86.05496664070174
V332,V323,0.9950210220033452,1ecbcea23c,86.05496664070174
V333,V323,0.9800603700494419,1ecbcea23c,86.05496664070174
V334,V334,1.0,1ecbcea23c,86.05496664070174
V335,V335,1.0,1ecbcea23c,86.05496664070174
V336,V336,1.0,1ecbcea23c,86.05496664070174
V337,V337,1.0,1ecbcea23c,86.05496664070174
V338,V338,1.0,1ecbcea23c,86.05496664070174
V339,V339,1.0,1ecbcea23c,86.05496664070174
